{"Loss": 0.7066043884886869, "Accuracy": 0.38454296290222245, "_timestamp": 1715760476.435939, "_runtime": 66.90300917625427, "_step": 59, "_wandb": {"runtime": 67}}